t,   y,   u
0.000000,   0.025055,   49.936523,   0.016324
412.000000,   -0.023544,   49.956055,   0.021812
512.000000,   -0.003479,   49.963379,   0.027198
630.000000,   -0.012482,   49.948730,   0.041093
988.000000,   0.007202,   49.940186,   0.049262
1261.000000,   0.015671,   49.948730,   0.056956
1584.000000,   -0.030258,   49.940186,   0.062247
1848.000000,   0.038788,   49.952393,   0.067615
2190.000000,   -0.026443,   49.945068,   0.071366
2487.000000,   0.015289,   49.945068,   0.074238
2753.000000,   0.002243,   49.945068,   0.077436
3094.000000,   0.000336,   49.945068,   0.079856
3411.000000,   -0.022247,   49.940186,   0.081641
3672.000000,   0.022537,   49.945068,   0.083451
3964.000000,   0.005676,   49.948730,   0.084839
4226.000000,   -0.008285,   49.948730,   0.086490
4569.000000,   0.034973,   49.945068,   0.087748
4864.000000,   0.005905,   49.940186,   0.088734
5128.000000,   0.066178,   49.945068,   0.089869
5454.000000,   0.045883,   49.948730,   0.090864
5796.000000,   0.059616,   49.948730,   0.091584
6060.000000,   0.079147,   49.940186,   0.092289
6345.000000,   0.063507,   49.940186,   0.093488
6906.000000,   0.073273,   49.945068,   0.094025
7196.000000,   0.095017,   49.940186,   0.094568
7488.000000,   0.081284,   49.952393,   0.094990
7754.000000,   0.093491,   49.940186,   0.095441
8096.000000,   0.044357,   49.945068,   0.095750
8347.000000,   0.041077,   49.952393,   0.096125
8638.000000,   0.065033,   49.940186,   0.096445
8926.000000,   0.090439,   49.945068,   0.096754
9220.000000,   0.057709,   49.940186,   0.097092
9539.000000,   0.068848,   49.956055,   0.097346
9826.000000,   0.056030,   2.080078,   0.097092
10122.000000,   0.088761,   -0.019531,   0.081208
10444.000000,   0.070374,   -0.019531,   0.068571
10736.000000,   0.106918,   -0.019531,   0.058222
11030.000000,   0.079147,   -0.019531,   0.049140
11352.000000,   0.077088,   -0.023193,   0.042527
11638.000000,   0.115692,   -0.026855,   0.036606
11954.000000,   0.111496,   -0.019531,   0.031663
12274.000000,   0.111725,   -0.023193,   0.028284
12540.000000,   0.111115,   -0.023193,   0.024879
12856.000000,   0.121414,   -0.023193,   0.021952
13178.000000,   0.097382,   -0.023193,   0.019749
13471.000000,   0.104019,   -0.019531,   0.017853
13762.000000,   0.083344,   -0.023193,   0.016230
14050.000000,   0.100433,   -0.015869,   0.014670
14369.000000,   0.096542,   -0.015869,   0.013386
14670.000000,   0.100968,   -0.015869,   0.012336
14960.000000,   0.107834,   -0.012207,   0.011255
15280.000000,   0.089676,   -0.030518,   0.010486
15568.000000,   0.103256,   -0.019531,   0.009672
15891.000000,   0.098297,   -0.026855,   0.009043
16153.000000,   0.106690,   -0.015869,   0.008423
16476.000000,   0.114395,   -0.023193,   0.007944
16727.000000,   0.083191,   -0.019531,   0.007496
17020.000000,   0.136597,   -0.019531,   0.007102
17286.000000,   0.069000,   -0.019531,   0.006669
17579.000000,   0.122025,   -0.026855,   0.006275
17924.000000,   0.076706,   -0.019531,   0.005945
18190.000000,   0.138275,   -0.015869,   0.005628
18484.000000,   0.078385,   -0.019531,   0.005338
18809.000000,   0.062363,   -0.023193,   0.005121
19074.000000,   0.068848,   -0.015869,   0.004850
19400.000000,   0.129883,   -0.012207,   0.004651
19688.000000,   0.074417,   -0.019531,   0.004435
19984.000000,   0.131409,   49.945068,   0.029175
20570.000000,   0.115692,   49.945068,   0.042283
20912.000000,   0.059845,   49.940186,   0.051948
21236.000000,   0.064652,   49.945068,   0.058869
21528.000000,   0.067856,   49.940186,   0.064002
21786.000000,   0.120651,   49.948730,   0.068806
22072.000000,   0.070526,   49.932861,   0.073112
22388.000000,   0.064270,   49.940186,   0.076114
22647.000000,   0.110962,   49.948730,   0.079032
22933.000000,   0.090668,   49.948730,   0.081144
23189.000000,   0.118973,   49.945068,   0.083292
23474.000000,   0.124542,   49.945068,   0.085328
23789.000000,   0.114166,   49.945068,   0.086707
24048.000000,   0.124161,   49.940186,   0.088114
24334.000000,   0.123779,   49.956055,   0.089304
24608.000000,   0.118744,   49.945068,   0.090479
24924.000000,   0.154526,   49.945068,   0.091602
25263.000000,   0.139420,   49.945068,   0.092420
25546.000000,   0.123779,   49.940186,   0.093113
25809.000000,   0.158951,   49.948730,   0.093781
26100.000000,   0.159104,   49.945068,   0.094391
26392.000000,   0.176727,   49.940186,   0.094971
26683.000000,   0.167954,   49.940186,   0.095930
27289.000000,   0.123551,   49.932861,   0.096360
27610.000000,   0.145905,   49.936523,   0.096735
27870.000000,   0.139038,   49.948730,   0.097074
28164.000000,   0.184815,   49.952393,   0.097748
28768.000000,   0.192063,   49.932861,   0.098038
29088.000000,   0.206406,   49.940186,   0.098273
29349.000000,   0.165283,   49.948730,   0.098481
29668.000000,   0.184815,   49.932861,   0.098752
29989.000000,   0.182678,   49.945068,   0.098951
30249.000000,   0.160324,   49.936523,   0.099164
30569.000000,   0.210983,   49.952393,   0.099372
30912.000000,   0.207550,   49.940186,   0.099512
31176.000000,   0.180542,   49.952393,   0.099702
31749.000000,   0.180771,   49.932861,   0.099924
32030.000000,   0.183823,   49.936523,   0.100056
32286.000000,   0.214646,   49.940186,   0.100217
32576.000000,   0.198929,   49.945068,   0.100300
32826.000000,   0.232956,   49.940186,   0.100394
33122.000000,   0.193588,   49.936523,   0.100516
33411.000000,   0.247528,   49.945068,   0.100638
33704.000000,   0.252716,   49.940186,   0.100742
34024.000000,   0.214798,   49.936523,   0.100937
34629.000000,   0.192215,   49.936523,   0.101023
34950.000000,   0.253250,   49.940186,   0.101069
35214.000000,   0.268738,   49.952393,   0.101200
35533.000000,   0.227844,   49.940186,   0.101240
36080.000000,   0.220902,   49.952393,   0.101331
36108.000000,   0.263245,   49.948730,   0.101426
36445.000000,   0.259430,   49.936523,   0.101484
36792.000000,   0.224182,   49.945068,   0.101530
37086.000000,   0.277741,   49.945068,   0.101597
37349.000000,   0.247757,   49.948730,   0.101688
37671.000000,   0.284683,   49.948730,   0.101774
38011.000000,   0.253861,   49.948730,   0.101801
38274.000000,   0.282318,   49.948730,   0.101877
38597.000000,   0.262253,   49.940186,   0.101887
38849.000000,   0.295136,   49.940186,   0.101981
39170.000000,   0.289414,   49.936523,   0.102045
39489.000000,   0.298264,   49.945068,   0.102064
39779.000000,   0.266068,   49.948730,   0.102091
40064.000000,   0.304520,   49.945068,   0.102186
40672.000000,   0.307953,   49.945068,   0.102253
40993.000000,   0.254776,   49.948730,   0.102253
41256.000000,   0.307953,   49.945068,   0.102308
41511.000000,   0.322907,   49.945068,   0.102335
41778.000000,   0.255921,   49.945068,   0.102344
42096.000000,   0.299408,   49.945068,   0.102430
42379.000000,   0.347244,   49.945068,   0.102479
42724.000000,   0.339539,   49.945068,   0.102439
42988.000000,   0.280029,   49.940186,   0.102497
43309.000000,   0.277588,   49.948730,   0.102524
43630.000000,   0.338776,   49.940186,   0.102579
43892.000000,   0.292313,   49.945068,   0.102588
44233.000000,   0.294754,   49.940186,   0.102628
44529.000000,   0.293076,   49.940186,   0.102628
44794.000000,   0.292465,   49.940186,   0.102732
45133.000000,   0.343964,   49.948730,   0.102711
45454.000000,   0.289795,   49.948730,   0.102720
45773.000000,   0.357697,   49.952393,   0.102796
46041.000000,   0.335571,   49.948730,   0.102750
46324.000000,   0.332672,   49.932861,   0.102823
46590.000000,   0.305893,   49.945068,   0.102796
46930.000000,   0.355255,   49.936523,   0.102863
47224.000000,   0.325958,   49.952393,   0.102900
47808.000000,   0.373795,   49.948730,   0.102936
48130.000000,   0.384323,   49.948730,   0.102936
48419.000000,   0.337631,   49.952393,   0.102927
48704.000000,   0.353729,   49.945068,   0.102946
49026.000000,   0.361206,   49.948730,   0.102985
49570.000000,   0.380661,   49.936523,   0.103013
49841.000000,   0.324433,   49.948730,   0.103068
50324.000000,   0.353882,   49.948730,   0.103049
50647.000000,   0.403244,   49.936523,   0.103086
50940.000000,   0.356934,   49.936523,   0.103086
51226.000000,   0.355789,   49.936523,   0.103104
51543.000000,   0.396988,   49.940186,   0.103135
51874.000000,   0.354111,   49.945068,   0.103126
52191.000000,   0.419876,   49.945068,   0.103181
52454.000000,   0.383179,   49.948730,   0.103181
52774.000000,   0.396225,   49.940186,   0.103190
53035.000000,   0.368607,   49.940186,   0.103181
53360.000000,   0.425293,   49.940186,   0.103162
53672.000000,   0.374939,   49.940186,   0.103199
53934.000000,   0.385086,   49.945068,   0.103199
54274.000000,   0.401566,   49.948730,   0.103239
54591.000000,   0.382950,   49.945068,   0.103248
55108.000000,   0.437119,   49.945068,   0.103266
55448.000000,   0.409424,   49.948730,   0.103266
55768.000000,   0.420487,   49.945068,   0.103293
56052.000000,   0.411102,   49.948730,   0.103312
56314.000000,   0.443985,   49.945068,   0.103293
56634.000000,   0.434067,   49.945068,   0.103275
56888.000000,   0.451691,   49.948730,   0.103321
57203.000000,   0.395004,   49.948730,   0.103312
57529.000000,   0.400040,   49.948730,   0.103312
57818.000000,   0.391800,   49.948730,   0.103321
58130.000000,   0.451462,   49.940186,   0.103330
58449.000000,   0.399277,   49.956055,   0.103330
58708.000000,   0.469238,   49.948730,   0.103348
59026.000000,   0.446350,   49.945068,   0.103348
59368.000000,   0.431015,   49.945068,   0.103361
59682.000000,   0.466950,   0.003662,   0.095505
60287.000000,   0.425827,   -0.012207,   0.080167
60602.000000,   0.419113,   -0.026855,   0.059263
61208.000000,   0.435593,   -0.023193,   0.052537
61474.000000,   0.466416,   -0.019531,   0.046223
61765.000000,   0.439636,   -0.023193,   0.036249
62367.000000,   0.427963,   -0.030518,   0.032310
62683.000000,   0.488236,   -0.015869,   0.026429
63288.000000,   0.483429,   -0.037842,   0.024036
63605.000000,   0.435211,   -0.019531,   0.020640
64138.000000,   0.478623,   -0.015869,   0.019184
64431.000000,   0.427963,   -0.023193,   0.017570
64770.000000,   0.484421,   -0.015869,   0.016501
65059.000000,   0.434677,   -0.019531,   0.015412
65348.000000,   0.463745,   -0.023193,   0.014512
65845.000000,   0.460083,   -0.012207,   0.012983
66205.000000,   0.420258,   -0.026855,   0.012205
66520.000000,   0.463135,   -0.012207,   0.011622
66808.000000,   0.421250,   -0.019531,   0.011051
67104.000000,   0.456268,   -0.019531,   0.010486
67423.000000,   0.435593,   -0.026855,   0.009952
67712.000000,   0.465271,   -0.019531,   0.009531
68029.000000,   0.409958,   -0.026855,   0.009116
68489.000000,   0.418198,   -0.019531,   0.008808
68569.000000,   0.440933,   -0.030518,   0.008396
68888.000000,   0.471375,   -0.015869,   0.008161
69151.000000,   0.443070,   -0.026855,   0.007786
69492.000000,   0.405380,   -0.030518,   0.007532
69783.000000,   0.454743,   -0.030518,   0.007261
70060.000000,   0.404007,   -0.023193,   0.006949
70406.000000,   0.409958,   -0.030518,   0.006473
71008.000000,   0.453369,   -0.019531,   0.006275
71272.000000,   0.451309,   -0.026855,   0.006068
71593.000000,   0.399658,   -0.012207,   0.005881
71880.000000,   0.441315,   -0.030518,   0.005714
72169.000000,   0.451462,   -0.019531,   0.005561
72430.000000,   0.450165,   -0.026855,   0.005402
72770.000000,   0.459931,   -0.023193,   0.005253
73058.000000,   0.452988,   -0.019531,   0.005063
73348.000000,   0.402863,   -0.019531,   0.004905
73668.000000,   0.421097,   -0.023193,   0.004774
73953.000000,   0.455506,   -0.012207,   0.004651
74438.000000,   0.395004,   -0.023193,   0.004435
74736.000000,   0.416290,   -0.015869,   0.004325
75028.000000,   0.390045,   -0.019531,   0.004212
75290.000000,   0.415299,   -0.023193,   0.004108
75609.000000,   0.402329,   -0.030518,   0.004014
75926.000000,   0.391419,   -0.019531,   0.003910
76216.000000,   0.427353,   -0.019531,   0.003828
76533.000000,   0.392182,   -0.012207,   0.003715
76830.000000,   0.387985,   -0.023193,   0.003629
77118.000000,   0.438873,   -0.015869,   0.003535
77402.000000,   0.442078,   -0.026855,   0.003489
77720.000000,   0.426209,   -0.019531,   0.003403
78010.000000,   0.384934,   -0.026855,   0.003312
78300.000000,   0.453217,   -0.015869,   0.003226
78616.000000,   0.369599,   -0.034180,   0.003159
78868.000000,   0.384705,   -0.023193,   0.003058
79163.000000,   0.446121,   -0.019531,   0.003046
79453.000000,   0.400040,   -0.026855,   0.002955
79746.000000,   0.436966,   -0.026855,   0.002936
80012.000000,   0.389130,   -0.019531,   0.002842
80328.000000,   0.374939,   -0.023193,   0.002784
80590.000000,   0.378754,   -0.019531,   0.002711
80928.000000,   0.371353,   -0.019531,   0.002634
81220.000000,   0.392716,   -0.034180,   0.002598
81511.000000,   0.417816,   -0.019531,   0.002540
81828.000000,   0.418579,   -0.030518,   0.002466
82174.000000,   0.370133,   -0.026855,   0.002381
82462.000000,   0.413620,   -0.023193,   0.002381
82734.000000,   0.400955,   -0.019531,   0.002335
83058.000000,   0.391571,   -0.012207,   0.002296
83373.000000,   0.394241,   -0.023193,   0.002241
83638.000000,   0.402481,   -0.012207,   0.002204
83952.000000,   0.394089,   -0.023193,   0.002155
84470.000000,   0.431549,   -0.015869,   0.002128
84761.000000,   0.411484,   -0.019531,   0.001987
85344.000000,   0.400040,   -0.023193,   0.001942
85892.000000,   0.427582,   -0.023193,   0.001951
85928.000000,   0.389664,   -0.019531,   0.001874
86246.000000,   0.432923,   -0.019531,   0.001893
86537.000000,   0.423920,   -0.012207,   0.001838
86820.000000,   0.394623,   -0.023193,   0.001780
87136.000000,   0.436966,   -0.023193,   0.001716
87388.000000,   0.425446,   -0.019531,   0.001780
87705.000000,   0.423538,   -0.015869,   0.001658
88048.000000,   0.439789,   -0.015869,   0.001630
88312.000000,   0.424912,   -0.023193,   0.001603
88630.000000,   0.386231,   -0.019531,   0.001557
88918.000000,   0.381424,   -0.026855,   0.001566
89210.000000,   0.437882,   -0.019531,   0.001526
89499.000000,   0.404999,   -0.023193,   0.001517
89778.000000,   0.423004,   49.936523,   0.001377
90064.000000,   0.376465,   49.945068,   0.017084
90389.000000,   0.425064,   49.948730,   0.029185
90652.000000,   0.422012,   49.936523,   0.041111
90991.000000,   0.390045,   49.945068,   0.050107
91309.000000,   0.385315,   49.945068,   0.056281
91574.000000,   0.377991,   49.948730,   0.061289
91833.000000,   0.375549,   49.940186,   0.065671
92087.000000,   0.418579,   49.945068,   0.070099
92405.000000,   0.421860,   49.945068,   0.073261
92670.000000,   0.408432,   49.945068,   0.076676
93010.000000,   0.418579,   49.936523,   0.078956
93278.000000,   0.441696,   49.952393,   0.081302
93592.000000,   0.448410,   49.940186,   0.082990
93859.000000,   0.401718,   49.936523,   0.084745
94174.000000,   0.443222,   49.945068,   0.086021
94427.000000,   0.411331,   49.945068,   0.087372
94746.000000,   0.422775,   49.932861,   0.088471
95028.000000,   0.430405,   49.936523,   0.089576
95346.000000,   0.442688,   49.945068,   0.090610
95690.000000,   0.413239,   49.940186,   0.091321
95978.000000,   0.417587,   49.945068,   0.092759
96587.000000,   0.479233,   49.945068,   0.093375
96874.000000,   0.420105,   49.948730,   0.093799
97128.000000,   0.472748,   49.936523,   0.094333
97447.000000,   0.466416,   49.948730,   0.094776
97738.000000,   0.485336,   49.945068,   0.095151
98022.000000,   0.456802,   49.945068,   0.095554
98340.000000,   0.459549,   49.940186,   0.095930
98630.000000,   0.492050,   49.940186,   0.096287
98921.000000,   0.488617,   49.945068,   0.096577
99240.000000,   0.502960,   49.948730,   0.096866
99530.000000,   0.489761,   49.948730,   0.097138
99850.000000,   0.485565,   49.945068,   0.097401
100167.000000,   0.494110,   49.948730,   0.097693
100509.000000,   0.498917,   49.940186,   0.097843
100776.000000,   0.491058,   49.932861,   0.098115
101175.000000,   0.488617,   49.940186,   0.098331
101845.000000,   0.511582,   49.948730,   0.098603
102126.000000,   0.495102,   49.945068,   0.098789
102288.000000,   0.493958,   49.936523,   0.098789
102517.000000,   0.520584,   49.936523,   0.098942
102960.000000,   0.503723,   49.945068,   0.099174
103364.000000,   0.534699,   49.948730,   0.099467
103752.000000,   0.557282,   49.952393,   0.099625
104419.000000,   0.526688,   49.932861,   0.099738
104824.000000,   0.555374,   49.940186,   0.100001
105213.000000,   0.586197,   49.940186,   0.100095
105854.000000,   0.576966,   49.940186,   0.100254
106262.000000,   0.557892,   49.945068,   0.100385
106654.000000,   0.551712,   49.936523,   0.100498
107297.000000,   0.558808,   49.936523,   0.100583
107375.000000,   0.588257,   49.940186,   0.100583
107608.000000,   0.594818,   49.940186,   0.100703
107816.000000,   0.599777,   49.940186,   0.100760
108454.000000,   0.557511,   49.940186,   0.100855
108732.000000,   0.562851,   49.945068,   0.100901
109245.000000,   0.553085,   49.940186,   0.101005
109595.000000,   0.612595,   49.945068,   0.101090
109829.000000,   0.586960,   49.956055,   0.101090
110164.000000,   0.581772,   49.945068,   0.101136
110312.000000,   0.627854,   49.940186,   0.101258
110692.000000,   0.627701,   49.936523,   0.101295
111032.000000,   0.618088,   49.952393,   0.101343
111375.000000,   0.607254,   49.945068,   0.101322
111605.000000,   0.601303,   49.945068,   0.101380
112050.000000,   0.629761,   49.948730,   0.101502
112487.000000,   0.600159,   49.940186,   0.101484
112689.000000,   0.637238,   49.940186,   0.101520
113123.000000,   0.630371,   49.936523,   0.101615
113448.000000,   0.644943,   49.952393,   0.101615
113594.000000,   0.609161,   49.948730,   0.101670
113947.000000,   0.606415,   49.932861,   0.101746
114589.000000,   0.661575,   49.948730,   0.101755
114675.000000,   0.602829,   49.945068,   0.101737
114902.000000,   0.595200,   49.945068,   0.101755
115361.000000,   0.622360,   49.940186,   0.101838
115738.000000,   0.679504,   49.945068,   0.101868
116026.000000,   0.683396,   49.940186,   0.101914
116399.000000,   0.607254,   49.940186,   0.101923
116513.000000,   0.648758,   49.945068,   0.101972
116912.000000,   0.633041,   49.936523,   0.101990
117557.000000,   0.651962,   49.945068,   0.101990
117868.000000,   0.638992,   49.952393,   0.102009
118279.000000,   0.685684,   49.945068,   0.102082
118357.000000,   0.658524,   49.948730,   0.102103
118790.000000,   0.648758,   49.940186,   0.102122
119018.000000,   0.669586,   49.945068,   0.102082
119429.000000,   0.673248,   49.940186,   0.102112
119794.000000,   0.653107,   49.936523,   0.102167
119853.000000,   0.656387,   -0.174561,   0.098716
120535.000000,   0.652573,   -0.019531,   0.069068
121168.000000,   0.671341,   -0.026855,   0.058692
121254.000000,   0.674164,   -0.015869,   0.049198
121935.000000,   0.673401,   -0.019531,   0.036542
122372.000000,   0.702698,   -0.019531,   0.035340
122539.000000,   0.714523,   -0.015869,   0.031531
123022.000000,   0.716278,   -0.008545,   0.027704
123395.000000,   0.711472,   -0.019531,   0.025208
123454.000000,   0.667679,   -0.019531,   0.022309
124136.000000,   0.708267,   -0.023193,   0.018537
124533.000000,   0.661575,   -0.023193,   0.016859
125214.000000,   0.671112,   -0.034180,   0.014249
125653.000000,   0.674393,   -0.023193,   0.013114
126044.000000,   0.652573,   -0.023193,   0.012159
126434.000000,   0.654480,   -0.019531,   0.011246
127114.000000,   0.641815,   -0.019531,   0.009989
127533.000000,   0.697128,   -0.023193,   0.009437
128214.000000,   0.689880,   -0.019531,   0.008378
128918.000000,   0.668213,   -0.015869,   0.007871
129260.000000,   0.690262,   -0.026855,   0.007569
129564.000000,   0.695221,   -0.023193,   0.007261
129711.000000,   0.653336,   49.948730,   0.006772
130395.000000,   0.645325,   49.940186,   0.024805
130783.000000,   0.694306,   49.948730,   0.040012
131079.000000,   0.690262,   49.948730,   0.049158
131173.000000,   0.686600,   49.945068,   0.051572
131401.000000,   0.641281,   49.948730,   0.058665
131814.000000,   0.644104,   49.936523,   0.070945
132469.000000,   0.688355,   49.940186,   0.074640
132574.000000,   0.670197,   49.945068,   0.075626
132839.000000,   0.658676,   49.945068,   0.078638
133218.000000,   0.701325,   49.948730,   0.083835
133633.000000,   0.701935,   49.952393,   0.086133
134309.000000,   0.680649,   49.936523,   0.089408
134996.000000,   0.651962,   49.940186,   0.090571
135072.000000,   0.704605,   49.948730,   0.091801
135667.000000,   0.667832,   49.945068,   0.092588
135754.000000,   0.665924,   49.948730,   0.093528
136393.000000,   0.693848,   49.952393,   0.094202
136476.000000,   0.719940,   49.936523,   0.094352
136740.000000,   0.678742,   49.948730,   0.094999
136914.000000,   0.739243,   49.936523,   0.095637
137308.000000,   0.691177,   49.948730,   0.096165
137952.000000,   0.709564,   49.948730,   0.096650
138280.000000,   0.714752,   49.948730,   0.096961
138375.000000,   0.754883,   49.940186,   0.097083
138725.000000,   0.736954,   49.945068,   0.097663
139114.000000,   0.713760,   49.945068,   0.097947
139453.000000,   0.765793,   49.945068,   0.098273
139832.000000,   0.763504,   1.027832,   0.097663
140430.000000,   0.734055,   -0.015869,   0.079764
140798.000000,   0.724899,   -0.026855,   0.068101
140852.000000,   0.775559,   -0.026855,   0.055961
141535.000000,   0.718186,   -0.019531,   0.040079
141975.000000,   0.756638,   -0.015869,   0.034852
142317.000000,   0.740921,   -0.019531,   0.029944
142960.000000,   0.739395,   -0.030518,   0.025696
143364.000000,   0.790665,   -0.015869,   0.020939
143756.000000,   0.774414,   -0.019531,   0.018622
144397.000000,   0.775940,   -0.023193,   0.016962
144475.000000,   0.757401,   -0.026855,   0.015452
144814.000000,   0.777313,   -0.023193,   0.013978
145212.000000,   0.762741,   -0.023193,   0.012775
145852.000000,   0.782501,   -0.015869,   0.011631
146095.000000,   0.711472,   -0.026855,   0.010892
146616.000000,   0.747864,   -0.015869,   0.009418
147055.000000,   0.724136,   -0.019531,   0.008781
147695.000000,   0.752823,   -0.019531,   0.008311
147774.000000,   0.714752,   -0.023193,   0.008161
148042.000000,   0.757401,   -0.023193,   0.007636
148494.000000,   0.706284,   -0.023193,   0.007279
148564.000000,   0.733902,   -0.019531,   0.006885
149198.000000,   0.768692,   -0.023193,   0.006547
149253.000000,   0.763504,   -0.019531,   0.006238
149594.000000,   0.716431,   -0.030518,   0.006153
149946.000000,   0.710175,   49.945068,   0.015516
150333.000000,   0.715897,   49.940186,   0.033228
150972.000000,   0.737869,   49.940186,   0.044526
151057.000000,   0.710556,   49.948730,   0.056760
151774.000000,   0.746720,   49.948730,   0.063242
151854.000000,   0.722382,   49.945068,   0.068683
152477.000000,   0.742828,   49.940186,   0.074183
152699.000000,   0.712998,   49.936523,   0.077241
153247.000000,   0.738098,   49.936523,   0.082615
153879.000000,   0.751450,   49.945068,   0.085148
154098.000000,   0.747864,   49.948730,   0.086677
154616.000000,   0.729248,   49.948730,   0.089661
155300.000000,   0.777313,   49.945068,   0.091004
155628.000000,   0.738632,   49.940186,   0.091819
155968.000000,   0.775177,   49.936523,   0.092588
156114.000000,   0.768311,   49.940186,   0.093555
156828.000000,   0.806000,   49.945068,   0.094370
157148.000000,   0.759537,   49.940186,   0.094840
157558.000000,   0.768311,   49.940186,   0.095392
157878.000000,   0.767700,   49.948730,   0.095768
157974.000000,   0.770447,   49.948730,   0.096174
158313.000000,   0.817825,   49.948730,   0.096613
158703.000000,   0.795319,   49.945068,   0.096912
159054.000000,   0.833008,   49.940186,   0.097278
159696.000000,   0.788223,   49.936523,   0.097523
159775.000000,   0.841553,   2.700195,   0.097504
160416.000000,   0.796997,   -0.030518,   0.067747
160854.000000,   0.795090,   -0.026855,   0.055634
161496.000000,   0.802567,   -0.026855,   0.047556
161876.000000,   0.820725,   -0.019531,   0.040067
162175.000000,   0.801193,   -0.026855,   0.035340
162411.000000,   0.802719,   -0.023193,   0.030875
162844.000000,   0.831253,   -0.023193,   0.026380
163202.000000,   0.866654,   -0.023193,   0.023133
163695.000000,   0.816681,   -0.023193,   0.018659
164076.000000,   0.849793,   -0.015869,   0.018229
164344.000000,   0.854752,   -0.015869,   0.016697
165043.000000,   0.852692,   -0.015869,   0.013657
165463.000000,   0.809815,   -0.023193,   0.011698
166104.000000,   0.791657,   -0.015869,   0.010120
166535.000000,   0.838730,   -0.008545,   0.009409
166914.000000,   0.853455,   -0.019531,   0.008781
167513.000000,   0.847122,   -0.019531,   0.007767
167934.000000,   0.787232,   -0.023193,   0.007242
168574.000000,   0.793564,   -0.023193,   0.006867
168668.000000,   0.782883,   -0.015869,   0.006754
168896.000000,   0.809433,   -0.015869,   0.006397
169109.000000,   0.810043,   -0.019531,   0.006013
169783.000000,   0.809433,   -0.026855,   0.005714
170080.000000,   0.850555,   49.940186,   0.006763
170175.000000,   0.858643,   49.952393,   0.024100
170764.000000,   0.850555,   49.936523,   0.037479
170852.000000,   0.790512,   49.948730,   0.049393
171500.000000,   0.826676,   49.940186,   0.063785
171916.000000,   0.788605,   49.940186,   0.069715
172310.000000,   0.789139,   49.945068,   0.074415
172690.000000,   0.833389,   49.948730,   0.077756
173189.000000,   0.834305,   49.940186,   0.080506
173622.000000,   0.812103,   49.945068,   0.085233
174132.000000,   0.818665,   49.932861,   0.087137
174783.000000,   0.841019,   49.945068,   0.088450
175010.000000,   0.840027,   49.948730,   0.089802
175498.000000,   0.830643,   49.948730,   0.090806
175861.000000,   0.877945,   49.940186,   0.092505
176255.000000,   0.833160,   49.945068,   0.093293
176966.000000,   0.875046,   49.940186,   0.094437
177600.000000,   0.868561,   49.940186,   0.095405
177994.000000,   0.867035,   49.945068,   0.095524
178259.000000,   0.849793,   49.948730,   0.095844
178572.000000,   0.840027,   49.940186,   0.096265
178781.000000,   0.909302,   49.940186,   0.096631
179375.000000,   0.852081,   49.940186,   0.096924
179704.000000,   0.866425,   4.833984,   0.097431
180134.000000,   0.857880,   -0.026855,   0.080335
180529.000000,   0.928986,   -0.026855,   0.065314
181202.000000,   0.910446,   -0.015869,   0.046992
181595.000000,   0.877182,   -0.015869,   0.040397
181934.000000,   0.923111,   -0.015869,   0.034263
182328.000000,   0.896713,   -0.023193,   0.029365
182972.000000,   0.897476,   -0.019531,   0.025760
183330.000000,   0.876953,   -0.015869,   0.020518
184000.000000,   0.944702,   -0.019531,   0.016529
184680.000000,   0.863602,   -0.015869,   0.015113
184794.000000,   0.926697,   -0.015869,   0.014756
185029.000000,   0.919068,   -0.023193,   0.013679
185478.000000,   0.877716,   -0.023193,   0.011622
186140.000000,   0.920441,   -0.023193,   0.009925
186774.000000,   0.898239,   -0.015869,   0.009333
187161.000000,   0.873139,   -0.019531,   0.008161
187799.000000,   0.880386,   -0.019531,   0.007682
187911.000000,   0.883286,   -0.023193,   0.007157
188292.000000,   0.924790,   -0.019531,   0.006782
188838.000000,   0.873902,   -0.026855,   0.006452
189268.000000,   0.925552,   -0.023193,   0.005805
189651.000000,   0.865509,   -0.023193,   0.005479
190322.000000,   0.850937,   49.948730,   0.030631
190961.000000,   0.892441,   49.940186,   0.051835
191634.000000,   0.858643,   49.936523,   0.065757
192238.000000,   0.900910,   49.940186,   0.071131
193023.000000,   0.885193,   49.945068,   0.080787
193705.000000,   0.868179,   49.945068,   0.084962
194255.000000,   0.870850,   49.940186,   0.088001
194829.000000,   0.921356,   49.945068,   0.089435
195517.000000,   0.918915,   49.945068,   0.090787
195818.000000,   0.889237,   49.948730,   0.091566
196226.000000,   0.901062,   49.948730,   0.093021
196654.000000,   0.957520,   49.940186,   0.093714
197304.000000,   0.955002,   49.936523,   0.094803
198018.000000,   0.915634,   49.948730,   0.095658
198716.000000,   0.977966,   49.948730,   0.096174
199093.000000,   0.934555,   49.948730,   0.096406
199513.000000,   0.925781,   49.940186,   0.097016
200179.000000,   0.967896,   -0.019531,   0.075690
200929.000000,   0.960419,   -0.023193,   0.053455
201561.000000,   0.999405,   -0.023193,   0.045679
201901.000000,   0.945313,   -0.015869,   0.033399
202383.000000,   0.957520,   -0.015869,   0.032206
202551.000000,   0.975906,   -0.015869,   0.028727
203018.000000,   0.980484,   -0.012207,   0.022562
203754.000000,   0.957520,   -0.023193,   0.019889
203853.000000,   0.988876,   -0.019531,   0.017863
204477.000000,   0.953323,   -0.019531,   0.014774
205125.000000,   0.970337,   -0.019531,   0.013340
205470.000000,   0.952561,   -0.012207,   0.012400
205803.000000,   0.990250,   -0.015869,   0.011228
206140.000000,   0.997116,   -0.023193,   0.010468
206589.000000,   0.998489,   -0.026855,   0.009034
207248.000000,   0.953095,   -0.026855,   0.007889
207957.000000,   0.973389,   -0.026855,   0.006998
208484.000000,   0.955460,   -0.026855,   0.006595
208987.000000,   0.935700,   -0.008545,   0.005918
209374.000000,   0.978577,   -0.023193,   0.005854
209642.000000,   0.942413,   -0.019531,   0.005552
209766.000000,   0.993683,   -0.030518,   0.005506
209995.000000,   0.940277,   -0.030518,   0.005234
210167.000000,   0.947220,   -0.023193,   0.004954
210534.000000,   0.962326,   -0.012207,   0.004719
210924.000000,   0.961716,   -0.023193,   0.004447
211331.000000,   0.943176,   -0.012207,   0.004230
211902.000000,   0.989868,   -0.030518,   0.003873
212453.000000,   0.910446,   -0.015869,   0.003705
212686.000000,   0.945694,   -0.023193,   0.003657
212917.000000,   0.986435,   -0.026855,   0.003544
213078.000000,   0.927078,   -0.026855,   0.003412
213706.000000,   0.930359,   -0.015869,   0.003123
214379.000000,   0.969193,   -0.019531,   0.002897
214765.000000,   0.938217,   -0.008545,   0.002784
215362.000000,   0.973236,   -0.023193,   0.002692
215740.000000,   0.981857,   -0.019531,   0.002448
216253.000000,   0.931885,   -0.012207,   0.002363
216532.000000,   0.914490,   -0.026855,   0.002241
217177.000000,   0.939133,   -0.019531,   0.002186
217503.000000,   0.950272,   -0.019531,   0.002033
218220.000000,   0.937454,   -0.030518,   0.001893
218861.000000,   0.916168,   -0.026855,   0.001829
219247.000000,   0.931503,   -0.026855,   0.001697
219787.000000,   0.917542,   -0.023193,   0.001603
219967.000000,   0.939514,   49.936523,   0.010337
220602.000000,   0.971481,   49.932861,   0.038633
221241.000000,   0.927689,   49.948730,   0.055970
221923.000000,   0.952179,   49.945068,   0.067765
222618.000000,   0.930969,   49.952393,   0.074781
223153.000000,   0.972855,   49.936523,   0.077689
223620.000000,   0.922119,   49.952393,   0.082380
224314.000000,   0.974915,   49.945068,   0.085486
224888.000000,   0.949890,   49.948730,   0.086820
225320.000000,   0.949509,   49.948730,   0.089069
226057.000000,   0.996353,   49.948730,   0.090092
226154.000000,   1.005356,   49.940186,   0.091022
226578.000000,   0.996735,   49.940186,   0.091239
226789.000000,   1.011307,   49.936523,   0.091755
226908.000000,   0.980332,   49.948730,   0.092448
227588.000000,   1.007111,   49.945068,   0.093085
227935.000000,   0.979721,   49.945068,   0.093687
228252.000000,   0.995209,   49.940186,   0.094080
228663.000000,   1.010544,   49.952393,   0.094840
229336.000000,   1.036331,   49.940186,   0.095515
229984.000000,   1.039993,   49.940186,   0.095826
230359.000000,   1.019928,   49.948730,   0.096305
231004.000000,   1.066391,   49.945068,   0.096717
231554.000000,   1.023895,   49.948730,   0.096903
232078.000000,   1.066925,   49.932861,   0.097138
232185.000000,   1.065247,   49.948730,   0.097187
232451.000000,   1.069824,   49.945068,   0.097355
232822.000000,   1.080582,   49.936523,   0.097684
233502.000000,   1.078446,   49.945068,   0.097938
234172.000000,   1.082260,   49.945068,   0.098060
234522.000000,   1.048386,   49.948730,   0.098191
234866.000000,   1.036560,   49.932861,   0.098322
235314.000000,   1.097214,   49.948730,   0.098527
236057.000000,   1.057770,   49.952393,   0.098688
236617.000000,   1.068298,   49.945068,   0.098762
236774.000000,   1.108658,   49.948730,   0.098838
237039.000000,   1.064865,   49.940186,   0.098875
237168.000000,   1.100800,   49.948730,   0.098893
237519.000000,   1.070587,   49.945068,   0.099042
238176.000000,   1.105835,   49.932861,   0.099100
238254.000000,   1.145432,   49.945068,   0.099174
238842.000000,   1.138870,   49.945068,   0.099326
239525.000000,   1.077683,   49.948730,   0.099344
239944.000000,   1.097595,   49.929199,   0.099448
240540.000000,   1.113236,   49.948730,   0.099579
241224.000000,   1.131241,   49.948730,   0.099634
241775.000000,   1.101563,   49.945068,   0.099711
242045.000000,   1.125137,   49.940186,   0.099766
242686.000000,   1.113083,   49.940186,   0.099802
243038.000000,   1.128189,   49.936523,   0.099897
243705.000000,   1.169312,   49.940186,   0.100010
244186.000000,   1.132004,   49.940186,   0.099973
244656.000000,   1.130325,   49.956055,   0.100065
245122.000000,   1.141541,   49.945068,   0.100123
245915.000000,   1.191132,   49.945068,   0.100226
246578.000000,   1.144287,   49.952393,   0.100254
247224.000000,   1.190903,   49.940186,   0.100318
247643.000000,   1.176407,   49.940186,   0.100349
248247.000000,   1.168015,   49.940186,   0.100385
248927.000000,   1.225006,   49.945068,   0.100480
249477.000000,   1.201431,   49.936523,   0.100422
249686.000000,   1.179459,   49.948730,   0.100471
250283.000000,   1.203339,   -0.023193,   0.090769
250661.000000,   1.224396,   -0.008545,   0.064432
251212.000000,   1.196854,   -0.015869,   0.055128
251697.000000,   1.237824,   -0.012207,   0.046403
252077.000000,   1.210053,   -0.015869,   0.035584
252723.000000,   1.196472,   -0.008545,   0.028058
253348.000000,   1.173889,   -0.023193,   0.025236
253797.000000,   1.200897,   -0.015869,   0.022440
253864.000000,   1.234161,   -0.015869,   0.020423
254517.000000,   1.238205,   -0.019531,   0.017103
255198.000000,   1.202042,   -0.015869,   0.015751
255253.000000,   1.198609,   -0.012207,   0.014539
255608.000000,   1.190750,   -0.019531,   0.013331
256250.000000,   1.196091,   -0.026855,   0.011680
256671.000000,   1.180832,   -0.030518,   0.010920
257342.000000,   1.214630,   -0.015869,   0.009681
257982.000000,   1.192276,   -0.019531,   0.008622
258624.000000,   1.164353,   -0.023193,   0.007749
259055.000000,   1.217911,   -0.015869,   0.007307
259484.000000,   1.205704,   -0.019531,   0.007175
259720.000000,   1.186707,   -0.019531,   0.006858
260136.000000,   1.168167,   -0.023193,   0.006238
260808.000000,   1.153977,   -0.015869,   0.005637
261547.000000,   1.185028,   -0.015869,   0.005186
262258.000000,   1.210434,   -0.026855,   0.004774
262955.000000,   1.205704,   -0.019531,   0.004578
263042.000000,   1.188080,   -0.019531,   0.004398
263677.000000,   1.139099,   -0.030518,   0.004163
263916.000000,   1.195709,   -0.023193,   0.004014
264334.000000,   1.145203,   -0.019531,   0.003837
264683.000000,   1.143906,   -0.026855,   0.003696
264761.000000,   1.199143,   -0.030518,   0.003742
265028.000000,   1.197846,   -0.019531,   0.003602
265407.000000,   1.150391,   -0.019531,   0.003290
266136.000000,   1.157257,   -0.012207,   0.003077
266766.000000,   1.133377,   -0.015869,   0.002955
267141.000000,   1.193420,   -0.019531,   0.002775
267656.000000,   1.128723,   -0.019531,   0.002653
268170.000000,   1.132233,   -0.019531,   0.002439
268839.000000,   1.158783,   -0.023193,   0.002326
269354.000000,   1.144669,   -0.019531,   0.002186
269873.000000,   1.149780,   -0.012207,   0.002146
270239.000000,   1.132767,   -0.019531,   0.001996
270757.000000,   1.180603,   -0.012207,   0.001932
270968.000000,   1.133148,   -0.026855,   0.001865
271603.000000,   1.132233,   -0.015869,   0.001707
272282.000000,   1.170838,   -0.008545,   0.001630
272666.000000,   1.128342,   -0.015869,   0.001557
273266.000000,   1.186554,   -0.019531,   0.001490
273608.000000,   1.147873,   -0.015869,   0.001386
274034.000000,   1.144287,   -0.015869,   0.001331
274676.000000,   1.153061,   -0.019531,   0.001237
274773.000000,   1.179459,   -0.019531,   0.001237
275365.000000,   1.125519,   -0.019531,   0.001191
275716.000000,   1.176178,   -0.026855,   0.001087
276350.000000,   1.153824,   -0.026855,   0.001041
276528.000000,   1.115906,   -0.026855,   0.000938
277176.000000,   1.118424,   -0.023193,   0.000910
277508.000000,   1.123993,   -0.019531,   0.000834
278236.000000,   1.131470,   -0.019531,   0.000767
278901.000000,   1.147873,   -0.019531,   0.000693
279578.000000,   1.128571,   -0.019531,   0.000654
279966.000000,   1.124756,   49.932861,   0.009727
280332.000000,   1.132004,   49.940186,   0.027402
281308.000000,   1.146958,   49.940186,   0.055775
281934.000000,   1.155960,   49.948730,   0.062369
282436.000000,   1.166031,   49.945068,   0.070899
283100.000000,   1.170456,   49.948730,   0.076847
283796.000000,   1.161453,   49.945068,   0.079426
284080.000000,   1.132996,   49.945068,   0.081153
284427.000000,   1.192505,   49.945068,   0.084406
285138.000000,   1.141159,   49.956055,   0.086799
285525.000000,   1.175415,   49.945068,   0.087833
286131.000000,   1.230347,   49.948730,   0.089548
286803.000000,   1.236450,   49.948730,   0.090937
287537.000000,   1.229584,   49.936523,   0.092045
288183.000000,   1.236832,   49.945068,   0.092570
288545.000000,   1.223633,   49.940186,   0.093387
288932.000000,   1.202423,   49.940186,   0.093763
289575.000000,   1.251404,   49.936523,   0.094147
289944.000000,   1.244156,   49.948730,   0.094803
290608.000000,   1.271088,   49.948730,   0.095347
291032.000000,   1.222336,   49.945068,   0.095591
291675.000000,   1.270325,   49.948730,   0.095835
291788.000000,   1.228211,   49.940186,   0.095911
292055.000000,   1.233627,   49.936523,   0.096079
292439.000000,   1.275513,   49.956055,   0.096473
293116.000000,   1.295044,   49.952393,   0.096802
293523.000000,   1.286041,   49.948730,   0.096952
294163.000000,   1.285812,   49.940186,   0.097156
294805.000000,   1.324494,   49.945068,   0.097449
295536.000000,   1.268646,   49.945068,   0.097684
296222.000000,   1.322968,   49.952393,   0.097889
296857.000000,   1.310913,   49.952393,   0.098002
297114.000000,   1.336548,   49.940186,   0.098060
297622.000000,   1.286194,   49.940186,   0.098246
298010.000000,   1.347458,   49.936523,   0.098368
298591.000000,   1.320450,   49.952393,   0.098453
299022.000000,   1.346695,   49.940186,   0.098603
299633.000000,   1.309540,   49.936523,   0.098649
300290.000000,   1.291382,   49.940186,   0.098752
300361.000000,   1.309540,   49.948730,   0.098762
300655.000000,   1.363098,   49.948730,   0.098807
300740.000000,   1.317017,   49.945068,   0.098856
301082.000000,   1.360275,   49.936523,   0.098875
301326.000000,   1.363709,   49.948730,   0.098902
301460.000000,   1.330978,   49.948730,   0.098951
301781.000000,   1.334259,   49.948730,   0.098960
302065.000000,   1.362564,   49.952393,   0.099042
302205.000000,   1.363709,   49.940186,   0.099091
302585.000000,   1.368515,   49.940186,   0.099109
302831.000000,   1.348755,   49.940186,   0.099137
302962.000000,   1.325409,   49.936523,   0.099174
303241.000000,   1.381104,   49.948730,   0.099222
303339.000000,   1.342499,   49.945068,   0.099222
303680.000000,   1.387207,   49.952393,   0.099296
303964.000000,   1.341736,   49.952393,   0.099277
304060.000000,   1.361420,   49.948730,   0.099305
304343.000000,   1.338226,   49.952393,   0.099335
304442.000000,   1.353409,   49.936523,   0.099335
304818.000000,   1.356461,   49.932861,   0.099390
305200.000000,   1.396591,   49.940186,   0.099448
305579.000000,   1.356079,   49.945068,   0.099467
305902.000000,   1.351425,   49.948730,   0.099476
306283.000000,   1.384918,   49.952393,   0.099485
306566.000000,   1.398728,   49.948730,   0.099531
306665.000000,   1.375916,   49.936523,   0.099494
306912.000000,   1.373245,   49.948730,   0.099512
307040.000000,   1.352188,   49.936523,   0.099521
307260.000000,   1.409638,   49.940186,   0.099589
307499.000000,   1.374237,   49.948730,   0.099598
307764.000000,   1.421082,   49.945068,   0.099616
307862.000000,   1.375916,   49.936523,   0.099625
308112.000000,   1.387817,   49.945068,   0.099589
308238.000000,   1.368515,   49.940186,   0.099625
308585.000000,   1.413223,   49.945068,   0.099634
308612.000000,   1.415360,   49.945068,   0.099689
308942.000000,   1.373245,   49.936523,   0.099653
309188.000000,   1.426804,   49.945068,   0.099711
309322.000000,   1.420700,   49.948730,   0.099720
309700.000000,   1.393921,   49.948730,   0.099766
310082.000000,   1.411545,   49.945068,   0.099766
310287.000000,   1.431610,   49.945068,   0.099784
310422.000000,   1.438858,   49.952393,   0.099793
311076.000000,   1.390259,   49.945068,   0.099784
311118.000000,   1.424133,   49.940186,   0.099851
311500.000000,   1.438706,   49.948730,   0.099897
311880.000000,   1.439240,   49.940186,   0.099897
312128.000000,   1.385529,   49.945068,   0.099943
312260.000000,   1.409409,   49.940186,   0.099906
312596.000000,   1.400635,   49.936523,   0.099933
312864.000000,   1.430466,   49.952393,   0.099955
312920.000000,   1.446564,   49.948730,   0.099973
313300.000000,   1.408264,   49.936523,   0.099991
313680.000000,   1.418259,   49.948730,   0.099991
314066.000000,   1.469299,   49.940186,   0.100037
314398.000000,   1.425278,   49.945068,   0.100037
314581.000000,   1.435043,   49.948730,   0.100065
314776.000000,   1.457245,   49.952393,   0.100037
315100.000000,   1.428940,   49.948730,   0.100037
315505.000000,   1.423218,   49.932861,   0.100028
315886.000000,   1.465866,   49.940186,   0.100077
316168.000000,   1.428940,   49.945068,   0.100056
316266.000000,   1.474487,   49.945068,   0.100065
316548.000000,   1.432221,   49.959717,   0.100028
316642.000000,   1.463730,   49.945068,   0.100056
316982.000000,   1.423370,   49.945068,   0.100037
317263.000000,   1.458618,   49.948730,   0.100095
317362.000000,   1.474487,   49.932861,   0.100086
317610.000000,   1.489212,   49.945068,   0.100095
317740.000000,   1.465485,   49.945068,   0.100056
318115.000000,   1.486160,   49.932861,   0.100095
318501.000000,   1.455338,   49.945068,   0.100095
318880.000000,   1.467392,   49.948730,   0.100123
319160.000000,   1.466095,   49.945068,   0.100095
319306.000000,   1.455948,   49.936523,   0.100095
319686.000000,   1.512711,   49.940186,   0.100132
319930.000000,   1.519272,   13.521729,   0.100217
320066.000000,   1.458771,   1.027832,   0.099259
320314.000000,   1.456863,   -0.004883,   0.085938
320443.000000,   1.511185,   -0.023193,   0.072867
320782.000000,   1.520035,   -0.026855,   0.070127
321028.000000,   1.490204,   -0.019531,   0.060551
321182.000000,   1.512558,   -0.023193,   0.058579
321427.000000,   1.478302,   -0.023193,   0.051392
321558.000000,   1.473724,   -0.023193,   0.044056
321941.000000,   1.477539,   -0.015869,   0.038709
322304.000000,   1.508744,   -0.019531,   0.033887
322661.000000,   1.527664,   -0.015869,   0.032920
322908.000000,   1.496841,   -0.026855,   0.029365
323086.000000,   1.500656,   -0.012207,   0.028678
323366.000000,   1.468765,   -0.019531,   0.026090
323466.000000,   1.518128,   -0.008545,   0.025535
323748.000000,   1.488220,   -0.023193,   0.023359
323840.000000,   1.486694,   -0.023193,   0.020884
324259.000000,   1.504929,   -0.015869,   0.019193
324581.000000,   1.498215,   -0.023193,   0.018809
324764.000000,   1.466248,   -0.012207,   0.017429
324960.000000,   1.517899,   -0.026855,   0.017158
325207.000000,   1.484635,   -0.015869,   0.015986
325338.000000,   1.506607,   -0.015869,   0.014814
325675.000000,   1.470291,   -0.012207,   0.013828
325998.000000,   1.496689,   -0.030518,   0.013669
326182.000000,   1.519043,   -0.023193,   0.012852
326378.000000,   1.469147,   -0.012207,   0.012046
326701.000000,   1.506073,   -0.026855,   0.011191
327121.000000,   1.503021,   -0.015869,   0.010432
327501.000000,   1.454422,   -0.008545,   0.009766
327876.000000,   1.471207,   -0.026855,   0.009250
328207.000000,   1.453278,   -0.015869,   0.008753
328541.000000,   1.463349,   -0.023193,   0.008649
328822.000000,   1.442139,   -0.026855,   0.008265
328920.000000,   1.448853,   -0.019531,   0.007786
329300.000000,   1.461823,   -0.019531,   0.007316
329746.000000,   1.444046,   -0.019531,   0.007212
329992.000000,   1.454041,   -0.019531,   0.006931
330125.000000,   1.447708,   -0.012207,   0.006547
330505.000000,   1.445801,   -0.012207,   0.006229
330885.000000,   1.480209,   -0.019531,   0.006171
331263.000000,   1.499359,   -0.026855,   0.005692
331599.000000,   1.430084,   -0.023193,   0.005628
331784.000000,   1.453812,   -0.026855,   0.005430
331978.000000,   1.483643,   -0.023193,   0.005216
332301.000000,   1.492264,   -0.023193,   0.004954
332744.000000,   1.422836,   -0.023193,   0.004868
332990.000000,   1.452286,   -0.026855,   0.004709
333144.000000,   1.478684,   -0.030518,   0.004557
333501.000000,   1.484406,   -0.023193,   0.004313
333882.000000,   1.488831,   -0.023193,   0.004285
334167.000000,   1.462051,   -0.019531,   0.004090
334286.000000,   1.459915,   -0.015869,   0.004072
334547.000000,   1.455338,   -0.026855,   0.003959
334640.000000,   1.441757,   -0.023193,   0.003901
334826.000000,   1.410935,   -0.026855,   0.003742
335059.000000,   1.421692,   -0.015869,   0.003574
335396.000000,   1.449005,   -0.019531,   0.003583
335432.000000,   1.472962,   -0.015869,   0.003489
335740.000000,   1.430084,   -0.019531,   0.003431
335986.000000,   1.426804,   -0.026855,   0.003321
336120.000000,   1.467773,   -0.023193,   0.003226
336443.000000,   1.449768,   -0.023193,   0.003190
336822.000000,   1.428558,   -0.019531,   0.002946
337159.000000,   1.461441,   -0.026855,   0.002973
337406.000000,   1.468384,   -0.026855,   0.002851
337534.000000,   1.460678,   -0.012207,   0.002756
337860.000000,   1.446564,   -0.019531,   0.002634
338201.000000,   1.460526,   -0.026855,   0.002540
338581.000000,   1.421463,   -0.023193,   0.002521
338862.000000,   1.462204,   -0.019531,   0.002448
338958.000000,   1.422836,   -0.023193,   0.002381
339204.000000,   1.416351,   -0.019531,   0.002354
339336.000000,   1.424896,   -0.023193,   0.002268
339662.000000,   1.449768,   -0.019531,   0.002250
339903.000000,   1.440460,   49.887695,   0.002054
340040.000000,   1.471970,   49.945068,   0.002616
340288.000000,   1.426422,   49.940186,   0.017008
340421.000000,   1.442749,   49.945068,   0.033277
340828.000000,   1.436188,   49.952393,   0.044544
341209.000000,   1.439240,   49.952393,   0.053373
341611.000000,   1.460144,   49.952393,   0.060267
341968.000000,   1.420700,   49.948730,   0.061506
342346.000000,   1.419174,   49.948730,   0.069733
342678.000000,   1.419556,   49.940186,   0.070588
342864.000000,   1.482880,   49.948730,   0.073505
343059.000000,   1.431610,   49.936523,   0.074229
343343.000000,   1.413986,   49.952393,   0.076603
343441.000000,   1.449387,   49.945068,   0.077164
343686.000000,   1.483261,   49.952393,   0.079444
343860.000000,   1.435272,   49.940186,   0.081367
344200.000000,   1.472580,   49.945068,   0.083207
344579.000000,   1.475021,   49.956055,   0.083527
344827.000000,   1.451141,   49.945068,   0.084904
345002.000000,   1.486542,   49.932861,   0.086124
345337.000000,   1.447479,   49.948730,   0.086359
345523.000000,   1.487839,   49.945068,   0.087305
345716.000000,   1.478684,   49.945068,   0.088160
346041.000000,   1.504166,   49.956055,   0.088404
346290.000000,   1.505463,   49.945068,   0.089240
346751.000000,   1.497986,   49.956055,   0.090082
347082.000000,   1.473724,   49.932861,   0.090620
347180.000000,   1.475250,   49.945068,   0.090815
347427.000000,   1.501267,   49.948730,   0.091266
347560.000000,   1.471588,   49.940186,   0.091398
347942.000000,   1.515228,   49.945068,   0.092036
348227.000000,   1.526901,   49.948730,   0.092448
348346.000000,   1.489975,   49.940186,   0.092570
348529.000000,   1.523468,   49.952393,   0.092927
348726.000000,   1.504166,   49.945068,   0.093375
349130.000000,   1.482727,   49.952393,   0.093705
349460.000000,   1.506455,   49.940186,   0.093781
349742.000000,   1.521942,   49.952393,   0.094053
349840.000000,   1.492645,   49.948730,   0.094126
350122.000000,   1.475021,   -0.159912,   0.090797
350240.000000,   1.501801,   -0.015869,   0.074070
350601.000000,   1.490967,   -0.019531,   0.060972
350986.000000,   1.566727,   -0.023193,   0.058787
351232.000000,   1.521942,   -0.019531,   0.050849
351366.000000,   1.533386,   -0.019531,   0.049198
351611.000000,   1.501267,   -0.019531,   0.042930
351740.000000,   1.556732,   -0.023193,   0.037104
352084.000000,   1.530335,   -0.015869,   0.035941
352332.000000,   1.552536,   -0.023193,   0.031879
352467.000000,   1.524994,   -0.015869,   0.030930
352713.000000,   1.569779,   -0.023193,   0.027646
352845.000000,   1.520569,   -0.015869,   0.026841
353232.000000,   1.519425,   -0.015869,   0.021351
353581.000000,   1.520188,   -0.019531,   0.020817
353862.000000,   1.522858,   -0.012207,   0.018931
353962.000000,   1.545822,   -0.023193,   0.018482
354210.000000,   1.523850,   -0.019531,   0.016688
354384.000000,   1.510803,   -0.026855,   0.016285
354667.000000,   1.567490,   -0.030518,   0.014945
354765.000000,   1.514084,   -0.015869,   0.014643
355047.000000,   1.558105,   -0.019531,   0.013517
355142.000000,   1.510651,   -0.019531,   0.013172
355328.000000,   1.526901,   -0.023193,   0.012101
355561.000000,   1.513474,   -0.023193,   0.011735
355852.000000,   1.515839,   -0.015869,   0.010901
355986.000000,   1.528809,   -0.015869,   0.010694
356233.000000,   1.554444,   -0.019531,   0.009998
356368.000000,   1.568405,   -0.015869,   0.009812
356613.000000,   1.549866,   -0.015869,   0.009183
356744.000000,   1.551392,   -0.019531,   0.008536
357082.000000,   1.543762,   -0.015869,   0.008396
357330.000000,   1.516220,   -0.023193,   0.007880
357460.000000,   1.546432,   -0.023193,   0.007740
357742.000000,   1.494553,   -0.015869,   0.007297
357840.000000,   1.504700,   -0.030518,   0.007157
358248.000000,   1.547958,   -0.019531,   0.006293
358610.000000,   1.505844,   -0.023193,   0.005918
358942.000000,   1.500275,   -0.030518,   0.005823
359188.000000,   1.512711,   -0.023193,   0.005524
359321.000000,   1.494553,   -0.026855,   0.005103
359738.000000,   1.544525,   -0.026855,   0.005094
360022.000000,   1.551773,   -0.015869,   0.004832
360120.000000,   1.495316,   -0.015869,   0.004511
360499.000000,   1.539490,   -0.026855,   0.004474
360729.000000,   1.536820,   -0.026855,   0.004267
360950.000000,   1.547348,   -0.019531,   0.003986
361281.000000,   1.546814,   -0.015869,   0.003959
361527.000000,   1.505081,   -0.019531,   0.003770
361662.000000,   1.496689,   -0.019531,   0.003724
361908.000000,   1.528427,   -0.015869,   0.003535
362040.000000,   1.529800,   -0.019531,   0.003358
362382.000000,   1.540100,   -0.023193,   0.003367
362630.000000,   1.504547,   -0.026855,   0.003199
362760.000000,   1.494553,   -0.023193,   0.003123
363010.000000,   1.504318,   -0.015869,   0.003019
363142.000000,   1.526672,   -0.023193,   0.002946
363390.000000,   1.505081,   -0.023193,   0.002814
363565.000000,   1.481201,   -0.023193,   0.002784
363847.000000,   1.507218,   -0.026855,   0.002634
363946.000000,   1.522705,   -0.015869,   0.002634
364230.000000,   1.523239,   -0.019531,   0.002552
364326.000000,   1.490967,   -0.019531,   0.002372
364705.000000,   1.510269,   -0.023193,   0.002250
365114.000000,   1.479065,   -0.023193,   0.002128
365441.000000,   1.476547,   -0.026855,   0.002100
365690.000000,   1.515991,   -0.019531,   0.002042
365821.000000,   1.501801,   -0.012207,   0.001960
366200.000000,   1.473343,   -0.019531,   0.001810
366625.000000,   1.480820,   -0.023193,   0.001716
367010.000000,   1.488449,   -0.015869,   0.001566
367338.000000,   1.487076,   -0.026855,   0.001594
367522.000000,   1.520950,   -0.015869,   0.001548
367720.000000,   1.481735,   -0.026855,   0.001435
368102.000000,   1.511414,   -0.023193,   0.001359
368481.000000,   1.474869,   -0.015869,   0.001322
368730.000000,   1.481735,   -0.019531,   0.001246
368862.000000,   1.524994,   -0.015869,   0.001237
369110.000000,   1.519272,   -0.023193,   0.001191
369266.000000,   1.476929,   -0.015869,   0.001191
369621.000000,   1.463730,   -0.026855,   0.001060
369960.000000,   1.527893,   -0.026855,   0.001011
370245.000000,   1.530716,   -0.023193,   0.001002
370338.000000,   1.465866,   -0.023193,   0.000956
370524.000000,   1.464722,   -0.019531,   0.000938
370720.000000,   1.470444,   -0.015869,   0.000834
371104.000000,   1.485016,   -0.023193,   0.000788
371443.000000,   1.497604,   -0.015869,   0.000788
371724.000000,   1.504547,   -0.026855,   0.000757
371822.000000,   1.526291,   -0.026855,   0.000684
372201.000000,   1.494782,   -0.023193,   0.000645
372609.000000,   1.460526,   -0.023193,   0.000580
372990.000000,   1.463730,   -0.023193,   0.000580
373253.000000,   1.458008,   -0.026855,   0.000513
373322.000000,   1.505844,   -0.023193,   0.000504
373767.000000,   1.511566,   -0.026855,   0.000468
374050.000000,   1.499512,   -0.023193,   0.000413
374144.000000,   1.469299,   -0.023193,   0.000422
374330.000000,   1.475632,   -0.015869,   0.000382
374527.000000,   1.474487,   -0.019531,   0.000364
374910.000000,   1.470444,   -0.030518,   0.000309
375248.000000,   1.503937,   -0.012207,   0.000291
375493.000000,   1.487839,   -0.023193,   0.000242
375628.000000,   1.499130,   -0.026855,   0.000214
376008.000000,   1.485550,   -0.023193,   0.000159
376429.000000,   1.497452,   -0.026855,   0.000168
376762.000000,   1.490204,   -0.026855,   0.000168
377044.000000,   1.504547,   -0.023193,   0.000147
377139.000000,   1.505081,   -0.019531,   0.000092
377324.000000,   1.506455,   -0.026855,   0.000065
377519.000000,   1.504547,   -0.019531,   0.000083
377900.000000,   1.432373,   -0.023193,   -0.000012
378240.000000,   1.524765,   -0.023193,   -0.000030
378525.000000,   1.463349,   -0.026855,   -0.000048
378619.000000,   1.442749,   -0.015869,   -0.000076
379000.000000,   1.507981,   -0.030518,   -0.000057
379340.000000,   1.504318,   -0.023193,   -0.000067
379624.000000,   1.511948,   -0.026855,   -0.000115
379722.000000,   1.487076,   -0.023193,   -0.000125
380100.000000,   1.507752,   -0.019531,   -0.000170
380770.000000,   1.516220,   -0.030518,   -0.000189
380870.000000,   1.454575,   -0.015869,   -0.000216
381116.000000,   1.467011,   -0.026855,   -0.000216
381246.000000,   1.516754,   -0.012207,   -0.000247
381431.000000,   1.497223,   -0.023193,   -0.000225
381626.000000,   1.515076,   -0.026855,   -0.000225
382034.000000,   1.489594,   -0.023193,   -0.000302
382360.000000,   1.448853,   -0.012207,   -0.000329
382644.000000,   1.495697,   -0.015869,   -0.000302
382742.000000,   1.500656,   -0.023193,   -0.000338
382990.000000,   1.462967,   -0.023193,   -0.000378
383123.000000,   1.478302,   -0.019531,   -0.000369
383461.000000,   1.508362,   -0.012207,   -0.000359
383745.000000,   1.444046,   -0.023193,   -0.000433
383838.000000,   1.501267,   -0.023193,   -0.000396
384024.000000,   1.452667,   -0.019531,   -0.000433
384299.000000,   1.472199,   -0.019531,   -0.000378
384330.000000,   1.504318,   -0.019531,   -0.000424
384593.000000,   1.459534,   -0.023193,   -0.000433
384728.000000,   1.504166,   -0.023193,   -0.000469
385060.000000,   1.458008,   -0.023193,   -0.000479
385309.000000,   1.474640,   -0.023193,   -0.000460
385436.000000,   1.460144,   -0.026855,   -0.000527
385786.000000,   1.464493,   -0.019531,   -0.000518
385820.000000,   1.437714,   -0.019531,   -0.000536
386200.000000,   1.434891,   -0.019531,   -0.000573
386579.000000,   1.488602,   -0.015869,   -0.000573
386958.000000,   1.453049,   -0.026855,   -0.000555
387196.000000,   1.495697,   -0.030518,   -0.000564
387346.000000,   1.456482,   -0.015869,   -0.000631
387595.000000,   1.479294,   -0.019531,   -0.000582
387724.000000,   1.445954,   -0.019531,   -0.000601
388106.000000,   1.454575,   -0.023193,   -0.000631
388441.000000,   1.502030,   -0.023193,   -0.000631
388726.000000,   1.479065,   -0.019531,   -0.000686
388822.000000,   1.504166,   -0.019531,   -0.000622
389202.000000,   1.450531,   -0.030518,   -0.000686
389625.000000,   1.472733,   -0.023193,   -0.000723
390004.000000,   1.502182,   49.940186,   0.012534
390383.000000,   1.478150,   49.940186,   0.016022
390632.000000,   1.494171,   49.940186,   0.028312
390764.000000,   1.495545,   49.952393,   0.038904
391100.000000,   1.489746,   49.932861,   0.048420
391482.000000,   1.514084,   49.945068,   0.050098
391730.000000,   1.469147,   49.945068,   0.055878
391860.000000,   1.491730,   49.932861,   0.057154
392245.000000,   1.486542,   49.936523,   0.066422
392602.000000,   1.471970,   49.945068,   0.070380
393000.000000,   1.457626,   49.936523,   0.073655
393360.000000,   1.515457,   49.945068,   0.074274
393740.000000,   1.493790,   49.936523,   0.078480
394079.000000,   1.472962,   49.945068,   0.078947
394327.000000,   1.507981,   49.945068,   0.080448
394459.000000,   1.498215,   49.956055,   0.080833
394702.000000,   1.476395,   49.952393,   0.082361
394884.000000,   1.498596,   49.948730,   0.082664
395167.000000,   1.505844,   49.948730,   0.083781
395267.000000,   1.507752,   49.940186,   0.084061
395499.000000,   1.497604,   49.940186,   0.085093
395648.000000,   1.513092,   49.948730,   0.085288
395894.000000,   1.480209,   49.932861,   0.086143
396026.000000,   1.535294,   49.940186,   0.087214
396435.000000,   1.508744,   49.945068,   0.087943
396760.000000,   1.525910,   49.948730,   0.088141
397044.000000,   1.540100,   49.936523,   0.088724
397138.000000,   1.506455,   49.948730,   0.088901
397324.000000,   1.556580,   49.952393,   0.089466
397521.000000,   1.517517,   49.936523,   0.090131
397944.000000,   1.555054,   49.948730,   0.090647
398281.000000,   1.510803,   49.952393,   0.090742
398511.000000,   1.538345,   49.945068,   0.091172
398660.000000,   1.533997,   49.945068,   0.091248
398944.000000,   1.524231,   49.945068,   0.091624
399041.000000,   1.561157,   49.940186,   0.091733
399326.000000,   1.546814,   49.936523,   0.092090
399433.000000,   1.582596,   49.945068,   0.092438
399764.000000,   1.529572,   49.945068,   0.092524
400046.000000,   1.544525,   49.956055,   0.092805
400144.000000,   1.542999,   49.948730,   0.092841
400330.000000,   1.576798,   49.940186,   0.093143
400525.000000,   1.547348,   49.952393,   0.093461
400910.000000,   1.541855,   49.952393,   0.093732
401242.000000,   1.600372,   49.948730,   0.093790
401477.000000,   1.583511,   49.940186,   0.094044
401649.000000,   1.595566,   49.940186,   0.094306
402003.000000,   1.598847,   49.945068,   0.094532
402388.000000,   1.589234,   49.956055,   0.094559
402690.000000,   1.590225,   49.948730,   0.094718
402722.000000,   1.599228,   49.932861,   0.094926
403104.000000,   1.556198,   49.945068,   0.095151
403509.000000,   1.609528,   49.945068,   0.095356
403894.000000,   1.625397,   49.945068,   0.095496
404218.000000,   1.643021,   49.945068,   0.095713
404602.000000,   1.590988,   49.940186,   0.095862
404990.000000,   1.626007,   49.940186,   0.095881
405318.000000,   1.581452,   49.948730,   0.096143
405701.000000,   1.617615,   49.948730,   0.096265
406042.000000,   1.607468,   49.952393,   0.096287
406288.000000,   1.640961,   49.936523,   0.096369
406443.000000,   1.611435,   49.948730,   0.096427
406690.000000,   1.603272,   49.945068,   0.096500
406866.000000,   1.653397,   49.940186,   0.096558
407150.000000,   1.601898,   49.932861,   0.096586
407244.000000,   1.613724,   49.945068,   0.096671
407430.000000,   1.621201,   49.945068,   0.096735
407626.000000,   1.665222,   49.945068,   0.096866
408080.000000,   1.629440,   49.936523,   0.096912
408400.000000,   1.643784,   49.952393,   0.097025
408781.000000,   1.646454,   49.952393,   0.097025
409029.000000,   1.670563,   49.945068,   0.097111
409160.000000,   1.634781,   49.948730,   0.097138
409392.000000,   1.621430,   49.932861,   0.097196
409579.000000,   1.620056,   49.948730,   0.097233
409826.000000,   1.625626,   49.940186,   0.097269
409982.000000,   1.666748,   36.319580,   0.097327
410207.000000,   1.636154,   -0.019531,   0.088331
410340.000000,   1.643250,   -0.019531,   0.084745
410726.000000,   1.683990,   -0.026855,   0.061329
411081.000000,   1.657593,   -0.023193,   0.059095
411364.000000,   1.681473,   -0.023193,   0.051664
411462.000000,   1.639816,   -0.026855,   0.049949
411744.000000,   1.656830,   -0.019531,   0.043979
411838.000000,   1.681320,   -0.015869,   0.038425
412180.000000,   1.636917,   -0.015869,   0.037263
412461.000000,   1.630814,   -0.012207,   0.033286
412562.000000,   1.699860,   -0.019531,   0.032346
412810.000000,   1.695816,   -0.015869,   0.029130
412942.000000,   1.677506,   -0.015869,   0.028324
413318.000000,   1.644013,   -0.019531,   0.022965
413659.000000,   1.676743,   -0.015869,   0.022413
413904.000000,   1.698715,   -0.019531,   0.020386
414064.000000,   1.690704,   -0.015869,   0.019898
414311.000000,   1.682846,   -0.026855,   0.018293
414439.000000,   1.652786,   -0.019531,   0.017908
414792.000000,   1.637451,   -0.023193,   0.016492
414822.000000,   1.632111,   -0.015869,   0.014924
415206.000000,   1.695664,   -0.015869,   0.013611
415609.000000,   1.654541,   -0.019531,   0.012382
415986.000000,   1.647598,   -0.019531,   0.012299
416251.000000,   1.679947,   -0.023193,   0.011500
416320.000000,   1.618378,   -0.034180,   0.010554
416701.000000,   1.687805,   -0.023193,   0.009785
417082.000000,   1.624481,   -0.030518,   0.009635
417459.000000,   1.620819,   -0.019531,   0.008433
417798.000000,   1.680710,   -0.019531,   0.008369
418018.000000,   1.628906,   -0.023193,   0.007917
418178.000000,   1.647598,   -0.023193,   0.007343
418569.000000,   1.640732,   -0.012207,   0.006885
418900.000000,   1.624100,   -0.015869,   0.006492
